﻿<?xml version="1.0" encoding="UTF-8" standalone="yes"?>
<addon id="plugin.video.kijk" version="0.0.2" name="Kijk Upload" provider-name="Kijk Upload">
	<requires>
		<import addon="xbmc.python" version="2.19.0" />
		<import addon="script.module.metahandler" version="1.0.0" />
	</requires>
	<extension point="xbmc.python.pluginsource" library="kijk.py">
		<provides>video</provides>
	</extension>
	<extension point="xbmc.addon.metadata">
		<summary lang="en">Kijk</summary>
		<description lang="en">Kijk upload videos.</description>
		<disclaimer lang="en">The author does not host or distribute any of the content displayed by this addon.</disclaimer>
		<platform>all</platform>
	</extension>
</addon>