﻿<?xml version="1.0" encoding="UTF-8" standalone="yes"?>
<addon id="plugin.video.doofree" name="DooFree" version="3.3.6" provider-name="Mpie">
	<requires>
		<import addon="xbmc.python" version="2.1.0" />
		<import addon="script.module.requests" version="1.0.0" />
		<import addon="script.module.metahandler" optional="true" />
		<import addon="plugin.video.youtube" optional="true" />
        <import addon="script.module.simplejson" optional="true"/>
		<import addon="script.module.parsedom" optional="true"/>
	</requires>
	<extension point="xbmc.python.pluginsource" library="default.py">
		<provides>video</provides>
	</extension>
	<extension point="xbmc.service" library="service.py" start="startup" />
	<extension point="xbmc.addon.metadata">
		<summary lang="en">Free as in beer :)</summary>
		<disclaimer lang="en">The author does not host or distribute any of the content displayed by this addon. The author does not have any affiliation with the content provider.</disclaimer>
		<platform>all</platform>
	</extension>
</addon>
