<?xml version="1.0" encoding="UTF-8" standalone="yes"?>
<addon id="repository.mpie" name="Mpie-Addons repo" version="1.0.3" provider-name="Mpie">
	<extension point="xbmc.addon.repository" name="Mpie Addons repo">
		<info compressed="false">http://raw.github.com/mpie/repo/master/addons.xml</info>
		<checksum>http://raw.github.com/mpie/repo/master/addons.xml.md5</checksum>
		<datadir zip="true">http://raw.github.com/mpie/repo/master</datadir>
	</extension>
	<extension point="xbmc.addon.metadata">
		<summary>Mpie Addons</summary>
		<description>This repository contains addons from Mpie.</description>
		<disclaimer>The owners and submitters to this repository do not host or distribute any of the content displayed by these addons nor do they have any affiliation with the content providers.</disclaimer>
		<platform>all</platform>
	</extension>
</addon>
