<?xml version="1.0" encoding="UTF-8" standalone="yes"?>
<addon id="plugin.video.doofree" name="DooFree" version="2.0.1" provider-name="Mpie">
	<requires>
		<import addon="xbmc.python" version="2.1.0"/>
		<import addon="script.module.metahandler" optional="true"/>
		<import addon="script.module.simplejson" optional="true"/>
		<import addon="script.module.parsedom" optional="true"/>
	</requires>
	<extension point="xbmc.python.pluginsource" library="default.py">
		<provides>video</provides>
	</extension>
	<extension point="xbmc.service" library="service.py" start="startup">
	</extension>
	<extension point="xbmc.addon.metadata">
		<summary lang="en">Free as in beer :)</summary>
		<description lang="en">You know how to reach me for support.</description>
		<disclaimer lang="en">The author does not host or distribute any of the content displayed by this addon. The author does not have any affiliation with the content provider.</disclaimer>
		<website>http://mpie.nl/</website>
		<platform>all</platform>
	</extension>
</addon>