<?xml version="1.0" encoding="UTF-8" standalone="yes"?>
<addon id="repository.mpie" name="[COLOR red]Mpie-Addons repo[/COLOR]" version="2.0.0" provider-name="Mpie">
	<requires>
		<import addon="xbmc.addon" version="12.0.0"/>
	</requires>
	<extension point="xbmc.addon.repository" name="Mpie Addons repo">
		<info compressed="false">https://raw.githubusercontent.com/mpie/repo/master/addons.xml</info>
		<checksum>https://raw.githubusercontent.com/mpie/repo/master/addons.xml.md5</checksum>
		<datadir zip="true">https://raw.github.com/mpie/repo/master/</datadir>
		<hashes>false</hashes>
	</extension>
	<extension point="xbmc.addon.metadata">
		<summary>Mpie Addons</summary>
		<description>This repository contains addons from Mpie.</description>
		<disclaimer>The owners and submitters to this repository do not host or distribute any of the content displayed by these addons nor do they have any affiliation with the content providers.</disclaimer>
		<platform>all</platform>
	</extension>
</addon>
